trial,testing,parameters,initial_deadline,final_deadline,net_reward,actions,success
1,False,"{'a': 0.9, 'e': 0.9900498337491681}",20,0,-233.35184062819195,"{0: 8, 1: 0, 2: 8, 3: 0, 4: 4}",0
2,False,"{'a': 0.9, 'e': 0.9801986733067553}",20,0,-114.75863576196761,"{0: 14, 1: 0, 2: 3, 3: 1, 4: 2}",0
3,False,"{'a': 0.9, 'e': 0.9704455335485082}",25,0,-109.9232528243663,"{0: 18, 1: 0, 2: 5, 3: 0, 4: 2}",0
4,False,"{'a': 0.9, 'e': 0.9607894391523232}",20,0,-1.3548697960969438,"{0: 18, 1: 0, 2: 2, 3: 0, 4: 0}",0
5,False,"{'a': 0.9, 'e': 0.951229424500714}",25,10,13.78550015046504,"{0: 14, 1: 0, 2: 1, 3: 0, 4: 0}",1
6,False,"{'a': 0.9, 'e': 0.9417645335842487}",20,0,-72.89058499868993,"{0: 17, 1: 0, 2: 1, 3: 0, 4: 2}",0
7,False,"{'a': 0.9, 'e': 0.9323938199059483}",25,13,-19.71396788535565,"{0: 11, 1: 0, 2: 0, 3: 0, 4: 1}",1
8,False,"{'a': 0.9, 'e': 0.9231163463866358}",25,15,-24.169929194453776,"{0: 9, 1: 0, 2: 0, 3: 0, 4: 1}",1
9,False,"{'a': 0.9, 'e': 0.9139311852712282}",20,7,19.013038867460885,"{0: 13, 1: 0, 2: 0, 3: 0, 4: 0}",1
10,False,"{'a': 0.9, 'e': 0.9048374180359595}",20,6,-41.98933890310893,"{0: 12, 1: 0, 2: 0, 3: 1, 4: 1}",1
11,False,"{'a': 0.9, 'e': 0.8958341352965282}",25,0,-5.353867918907738,"{0: 23, 1: 0, 2: 1, 3: 1, 4: 0}",0
12,False,"{'a': 0.9, 'e': 0.8869204367171575}",30,6,10.56456830194812,"{0: 23, 1: 0, 2: 0, 3: 1, 4: 0}",1
13,False,"{'a': 0.9, 'e': 0.8780954309205613}",20,16,8.961589810211684,"{0: 4, 1: 0, 2: 0, 3: 0, 4: 0}",1
14,False,"{'a': 0.9, 'e': 0.8693582353988059}",20,0,21.821967356901116,"{0: 20, 1: 0, 2: 0, 3: 0, 4: 0}",0
15,False,"{'a': 0.9, 'e': 0.8607079764250578}",20,0,2.1752835846864227,"{0: 19, 1: 0, 2: 0, 3: 1, 4: 0}",0
16,False,"{'a': 0.9, 'e': 0.8521437889662113}",30,9,-5.052783056776828,"{0: 19, 1: 0, 2: 1, 3: 1, 4: 0}",1
17,False,"{'a': 0.9, 'e': 0.8436648165963837}",25,0,-24.370543167895903,"{0: 23, 1: 0, 2: 0, 3: 1, 4: 1}",0
18,False,"{'a': 0.9, 'e': 0.835270211411272}",25,3,-4.623972727772003,"{0: 21, 1: 0, 2: 0, 3: 0, 4: 1}",1
19,False,"{'a': 0.9, 'e': 0.8269591339433623}",30,17,10.419209908612801,"{0: 12, 1: 0, 2: 1, 3: 0, 4: 0}",1
20,False,"{'a': 0.9, 'e': 0.8187307530779818}",25,0,32.57273235617015,"{0: 25, 1: 0, 2: 0, 3: 0, 4: 0}",0
21,False,"{'a': 0.9, 'e': 0.8105842459701871}",25,0,14.778309051189177,"{0: 24, 1: 0, 2: 0, 3: 1, 4: 0}",0
22,False,"{'a': 0.9, 'e': 0.8025187979624785}",20,12,13.871633433941822,"{0: 8, 1: 0, 2: 0, 3: 0, 4: 0}",1
23,False,"{'a': 0.9, 'e': 0.794533602503334}",20,0,29.74078117623836,"{0: 20, 1: 0, 2: 0, 3: 0, 4: 0}",0
24,False,"{'a': 0.9, 'e': 0.7866278610665535}",35,15,-5.576621450040022,"{0: 19, 1: 0, 2: 0, 3: 0, 4: 1}",1
25,False,"{'a': 0.9, 'e': 0.7788007830714049}",20,14,11.436487277520259,"{0: 6, 1: 0, 2: 0, 3: 0, 4: 0}",1
26,False,"{'a': 0.9, 'e': 0.7710515858035663}",25,17,-27.925135716056793,"{0: 7, 1: 0, 2: 0, 3: 0, 4: 1}",1
27,False,"{'a': 0.9, 'e': 0.7633794943368531}",20,8,9.318628907371247,"{0: 11, 1: 0, 2: 1, 3: 0, 4: 0}",1
28,False,"{'a': 0.9, 'e': 0.7557837414557255}",30,22,15.944877021930433,"{0: 8, 1: 0, 2: 0, 3: 0, 4: 0}",1
29,False,"{'a': 0.9, 'e': 0.7482635675785653}",25,0,28.811613899257353,"{0: 25, 1: 0, 2: 0, 3: 0, 4: 0}",0
30,False,"{'a': 0.9, 'e': 0.7408182206817179}",25,0,23.663135162492157,"{0: 24, 1: 1, 2: 0, 3: 0, 4: 0}",0
31,False,"{'a': 0.9, 'e': 0.7334469562242892}",25,8,27.5349803165132,"{0: 17, 1: 0, 2: 0, 3: 0, 4: 0}",1
32,False,"{'a': 0.9, 'e': 0.7261490370736909}",25,16,14.726991786609416,"{0: 9, 1: 0, 2: 0, 3: 0, 4: 0}",1
33,False,"{'a': 0.9, 'e': 0.7189237334319262}",25,1,12.579105406055621,"{0: 23, 1: 0, 2: 0, 3: 1, 4: 0}",1
34,False,"{'a': 0.9, 'e': 0.7117703227626098}",30,13,5.120548095742358,"{0: 16, 1: 0, 2: 0, 3: 1, 4: 0}",1
35,False,"{'a': 0.9, 'e': 0.7046880897187134}",25,17,11.764254974634,"{0: 8, 1: 0, 2: 0, 3: 0, 4: 0}",1
36,False,"{'a': 0.9, 'e': 0.697676326071031}",20,8,23.8348914649917,"{0: 12, 1: 0, 2: 0, 3: 0, 4: 0}",1
37,False,"{'a': 0.9, 'e': 0.6907343306373547}",20,11,12.514027245001117,"{0: 9, 1: 0, 2: 0, 3: 0, 4: 0}",1
38,False,"{'a': 0.9, 'e': 0.6838614092123558}",30,12,20.137986310887854,"{0: 17, 1: 0, 2: 1, 3: 0, 4: 0}",1
39,False,"{'a': 0.9, 'e': 0.6770568744981647}",35,1,13.32920955637028,"{0: 32, 1: 0, 2: 1, 3: 1, 4: 0}",1
40,False,"{'a': 0.9, 'e': 0.6703200460356393}",30,16,20.365177758069592,"{0: 14, 1: 0, 2: 0, 3: 0, 4: 0}",1
41,False,"{'a': 0.9, 'e': 0.6636502501363194}",25,14,18.166188026341615,"{0: 11, 1: 0, 2: 0, 3: 0, 4: 0}",1
42,False,"{'a': 0.9, 'e': 0.6570468198150569}",30,18,19.608268166081494,"{0: 12, 1: 0, 2: 0, 3: 0, 4: 0}",1
43,False,"{'a': 0.9, 'e': 0.6505090947233165}",20,14,15.253658366194589,"{0: 6, 1: 0, 2: 0, 3: 0, 4: 0}",1
44,False,"{'a': 0.9, 'e': 0.6440364210831414}",25,0,34.37702936687805,"{0: 25, 1: 0, 2: 0, 3: 0, 4: 0}",0
45,False,"{'a': 0.9, 'e': 0.6376281516217733}",25,4,-8.380293450013294,"{0: 20, 1: 0, 2: 0, 3: 0, 4: 1}",1
46,False,"{'a': 0.9, 'e': 0.631283645506926}",25,11,23.19351379863572,"{0: 14, 1: 0, 2: 0, 3: 0, 4: 0}",1
47,False,"{'a': 0.9, 'e': 0.6250022682827008}",20,16,8.343476096024217,"{0: 4, 1: 0, 2: 0, 3: 0, 4: 0}",1
48,False,"{'a': 0.9, 'e': 0.6187833918061408}",20,14,13.243802036831585,"{0: 6, 1: 0, 2: 0, 3: 0, 4: 0}",1
49,False,"{'a': 0.9, 'e': 0.6126263941844161}",20,0,28.85766873080722,"{0: 20, 1: 0, 2: 0, 3: 0, 4: 0}",0
50,False,"{'a': 0.9, 'e': 0.6065306597126334}",20,5,22.672599419600466,"{0: 15, 1: 0, 2: 0, 3: 0, 4: 0}",1
51,False,"{'a': 0.9, 'e': 0.600495578812266}",25,20,8.598451308183183,"{0: 5, 1: 0, 2: 0, 3: 0, 4: 0}",1
52,False,"{'a': 0.9, 'e': 0.5945205479701944}",30,15,22.783650574454395,"{0: 15, 1: 0, 2: 0, 3: 0, 4: 0}",1
53,False,"{'a': 0.9, 'e': 0.5886049696783552}",20,11,15.941660818640344,"{0: 9, 1: 0, 2: 0, 3: 0, 4: 0}",1
54,False,"{'a': 0.9, 'e': 0.5827482523739896}",20,0,27.18871260279709,"{0: 20, 1: 0, 2: 0, 3: 0, 4: 0}",0
55,False,"{'a': 0.9, 'e': 0.5769498103804866}",25,0,-4.013812535647709,"{0: 24, 1: 0, 2: 0, 3: 0, 4: 1}",0
56,False,"{'a': 0.9, 'e': 0.5712090638488149}",25,19,9.413220677382041,"{0: 6, 1: 0, 2: 0, 3: 0, 4: 0}",1
57,False,"{'a': 0.9, 'e': 0.5655254386995371}",30,4,35.23481799871509,"{0: 26, 1: 0, 2: 0, 3: 0, 4: 0}",1
58,False,"{'a': 0.9, 'e': 0.559898366565402}",25,20,10.082073131851448,"{0: 5, 1: 0, 2: 0, 3: 0, 4: 0}",1
59,False,"{'a': 0.9, 'e': 0.5543272847345071}",25,9,25.1876608397299,"{0: 16, 1: 0, 2: 0, 3: 0, 4: 0}",1
60,False,"{'a': 0.9, 'e': 0.5488116360940265}",35,4,35.85801871669023,"{0: 30, 1: 1, 2: 0, 3: 0, 4: 0}",1
61,False,"{'a': 0.9, 'e': 0.5433508690744998}",25,7,33.12767061101523,"{0: 18, 1: 0, 2: 0, 3: 0, 4: 0}",1
62,False,"{'a': 0.9, 'e': 0.5379444375946745}",25,9,22.47493438180997,"{0: 16, 1: 0, 2: 0, 3: 0, 4: 0}",1
63,False,"{'a': 0.9, 'e': 0.5325918010068972}",30,19,20.9193099246935,"{0: 11, 1: 0, 2: 0, 3: 0, 4: 0}",1
64,False,"{'a': 0.9, 'e': 0.5272924240430485}",20,0,25.347946120449418,"{0: 20, 1: 0, 2: 0, 3: 0, 4: 0}",0
65,False,"{'a': 0.9, 'e': 0.522045776761016}",20,13,14.56523113848101,"{0: 7, 1: 0, 2: 0, 3: 0, 4: 0}",1
66,False,"{'a': 0.9, 'e': 0.5168513344916993}",25,10,29.780395964650236,"{0: 15, 1: 0, 2: 0, 3: 0, 4: 0}",1
67,False,"{'a': 0.9, 'e': 0.5117085777865424}",25,16,17.287653728931502,"{0: 9, 1: 0, 2: 0, 3: 0, 4: 0}",1
68,False,"{'a': 0.9, 'e': 0.5066169923655897}",25,19,11.710509060562568,"{0: 6, 1: 0, 2: 0, 3: 0, 4: 0}",1
69,False,"{'a': 0.9, 'e': 0.5015760690660556}",20,0,33.23816106463204,"{0: 20, 1: 0, 2: 0, 3: 0, 4: 0}",0
70,False,"{'a': 0.9, 'e': 0.4965853037914095}",20,11,17.983806802958885,"{0: 9, 1: 0, 2: 0, 3: 0, 4: 0}",1
71,False,"{'a': 0.9, 'e': 0.49164419746096516}",25,14,21.64872742465048,"{0: 11, 1: 0, 2: 0, 3: 0, 4: 0}",1
72,False,"{'a': 0.9, 'e': 0.4867522559599717}",20,7,19.321450995912336,"{0: 13, 1: 0, 2: 0, 3: 0, 4: 0}",1
73,False,"{'a': 0.9, 'e': 0.48190899009020244}",20,11,19.9964429404285,"{0: 9, 1: 0, 2: 0, 3: 0, 4: 0}",1
74,False,"{'a': 0.9, 'e': 0.47711391552103444}",20,8,20.66833964089589,"{0: 12, 1: 0, 2: 0, 3: 0, 4: 0}",1
75,False,"{'a': 0.9, 'e': 0.47236655274101474}",30,22,13.329058522317682,"{0: 8, 1: 0, 2: 0, 3: 0, 4: 0}",1
76,False,"{'a': 0.9, 'e': 0.46766642700990924}",20,0,30.04325966247268,"{0: 20, 1: 0, 2: 0, 3: 0, 4: 0}",0
77,False,"{'a': 0.9, 'e': 0.46301306831122807}",25,15,20.05063549368889,"{0: 10, 1: 0, 2: 0, 3: 0, 4: 0}",1
78,False,"{'a': 0.9, 'e': 0.45840601130522357}",25,19,13.071811893185743,"{0: 6, 1: 0, 2: 0, 3: 0, 4: 0}",1
79,False,"{'a': 0.9, 'e': 0.45384479528235583}",25,12,28.188525755428913,"{0: 13, 1: 0, 2: 0, 3: 0, 4: 0}",1
80,False,"{'a': 0.9, 'e': 0.44932896411722156}",30,15,28.288580569241702,"{0: 15, 1: 0, 2: 0, 3: 0, 4: 0}",1
81,False,"{'a': 0.9, 'e': 0.4448580662229411}",20,3,24.721587323351283,"{0: 17, 1: 0, 2: 0, 3: 0, 4: 0}",1
82,False,"{'a': 0.9, 'e': 0.44043165450599925}",20,14,11.18429693366496,"{0: 6, 1: 0, 2: 0, 3: 0, 4: 0}",1
83,False,"{'a': 0.9, 'e': 0.43604928632153556}",25,16,14.833315887532663,"{0: 9, 1: 0, 2: 0, 3: 0, 4: 0}",1
84,False,"{'a': 0.9, 'e': 0.43171052342907973}",25,11,23.189375684203874,"{0: 14, 1: 0, 2: 0, 3: 0, 4: 0}",1
85,False,"{'a': 0.9, 'e': 0.4274149319487267}",35,22,19.265280818795034,"{0: 13, 1: 0, 2: 0, 3: 0, 4: 0}",1
86,False,"{'a': 0.9, 'e': 0.4231620823177488}",20,9,19.42085996560975,"{0: 11, 1: 0, 2: 0, 3: 0, 4: 0}",1
87,False,"{'a': 0.9, 'e': 0.418951549247639}",20,6,21.29108546018717,"{0: 14, 1: 0, 2: 0, 3: 0, 4: 0}",1
88,False,"{'a': 0.9, 'e': 0.4147829116815814}",25,17,12.699269082381674,"{0: 8, 1: 0, 2: 0, 3: 0, 4: 0}",1
89,False,"{'a': 0.9, 'e': 0.4106557527523455}",25,7,27.086108904021028,"{0: 18, 1: 0, 2: 0, 3: 0, 4: 0}",1
90,False,"{'a': 0.9, 'e': 0.4065696597405991}",25,15,20.701809845910017,"{0: 10, 1: 0, 2: 0, 3: 0, 4: 0}",1
91,False,"{'a': 0.9, 'e': 0.40252422403363597}",25,18,12.85312102489095,"{0: 7, 1: 0, 2: 0, 3: 0, 4: 0}",1
92,False,"{'a': 0.9, 'e': 0.3985190410845142}",25,16,1.3272830671114375,"{0: 8, 1: 0, 2: 1, 3: 0, 4: 0}",1
93,False,"{'a': 0.9, 'e': 0.39455371037160114}",35,12,41.932725796028194,"{0: 23, 1: 0, 2: 0, 3: 0, 4: 0}",1
94,False,"{'a': 0.9, 'e': 0.3906278353585211}",20,0,29.710425662050742,"{0: 20, 1: 0, 2: 0, 3: 0, 4: 0}",0
95,False,"{'a': 0.9, 'e': 0.3867410234545012}",20,6,24.00142299035532,"{0: 14, 1: 0, 2: 0, 3: 0, 4: 0}",1
96,False,"{'a': 0.9, 'e': 0.38289288597511206}",25,19,12.427041276657153,"{0: 6, 1: 0, 2: 0, 3: 0, 4: 0}",1
97,False,"{'a': 0.9, 'e': 0.37908303810339883}",30,12,31.91518716433537,"{0: 18, 1: 0, 2: 0, 3: 0, 4: 0}",1
98,False,"{'a': 0.9, 'e': 0.37531109885139957}",20,14,9.841617034947419,"{0: 6, 1: 0, 2: 0, 3: 0, 4: 0}",1
99,False,"{'a': 0.9, 'e': 0.3715766910220457}",20,13,12.80410582647872,"{0: 7, 1: 0, 2: 0, 3: 0, 4: 0}",1
100,False,"{'a': 0.9, 'e': 0.36787944117144233}",20,14,9.238913288086525,"{0: 6, 1: 0, 2: 0, 3: 0, 4: 0}",1
101,False,"{'a': 0.9, 'e': 0.3642189795715233}",25,13,21.107429275299236,"{0: 12, 1: 0, 2: 0, 3: 0, 4: 0}",1
102,False,"{'a': 0.9, 'e': 0.3605949401730783}",20,13,1.3231927274097064,"{0: 6, 1: 0, 2: 1, 3: 0, 4: 0}",1
103,False,"{'a': 0.9, 'e': 0.3570069605691474}",30,20,18.49502967440429,"{0: 10, 1: 0, 2: 0, 3: 0, 4: 0}",1
104,False,"{'a': 0.9, 'e': 0.35345468195878016}",30,8,40.27814373223177,"{0: 22, 1: 0, 2: 0, 3: 0, 4: 0}",1
105,False,"{'a': 0.9, 'e': 0.3499377491111554}",20,10,17.162984160186223,"{0: 10, 1: 0, 2: 0, 3: 0, 4: 0}",1
106,False,"{'a': 0.9, 'e': 0.34645581033005746}",25,16,19.899613757700195,"{0: 9, 1: 0, 2: 0, 3: 0, 4: 0}",1
107,False,"{'a': 0.9, 'e': 0.3430085174187067}",25,0,36.19594132190975,"{0: 25, 1: 0, 2: 0, 3: 0, 4: 0}",0
108,False,"{'a': 0.9, 'e': 0.33959552564493917}",20,7,11.865060706862664,"{0: 12, 1: 1, 2: 0, 3: 0, 4: 0}",1
109,False,"{'a': 0.9, 'e': 0.33621649370673334}",20,14,10.260079813460477,"{0: 6, 1: 0, 2: 0, 3: 0, 4: 0}",1
110,False,"{'a': 0.9, 'e': 0.33287108369807955}",20,9,13.373161400386845,"{0: 11, 1: 0, 2: 0, 3: 0, 4: 0}",1
111,False,"{'a': 0.9, 'e': 0.32955896107518906}",20,13,11.687108644759473,"{0: 7, 1: 0, 2: 0, 3: 0, 4: 0}",1
112,False,"{'a': 0.9, 'e': 0.32627979462303947}",25,19,12.49203903034299,"{0: 6, 1: 0, 2: 0, 3: 0, 4: 0}",1
113,False,"{'a': 0.9, 'e': 0.3230332564222529}",20,4,25.798667263636688,"{0: 16, 1: 0, 2: 0, 3: 0, 4: 0}",1
114,False,"{'a': 0.9, 'e': 0.3198190218163039}",30,0,42.178707325501826,"{0: 30, 1: 0, 2: 0, 3: 0, 4: 0}",0
115,False,"{'a': 0.9, 'e': 0.3166367693790532}",20,9,20.80074705651288,"{0: 11, 1: 0, 2: 0, 3: 0, 4: 0}",1
116,False,"{'a': 0.9, 'e': 0.3134861808826053}",25,3,34.40032203034091,"{0: 22, 1: 0, 2: 0, 3: 0, 4: 0}",1
117,False,"{'a': 0.9, 'e': 0.31036694126548503}",30,12,31.77519149858043,"{0: 18, 1: 0, 2: 0, 3: 0, 4: 0}",1
118,False,"{'a': 0.9, 'e': 0.30727873860113125}",20,13,13.216828332210104,"{0: 7, 1: 0, 2: 0, 3: 0, 4: 0}",1
119,False,"{'a': 0.9, 'e': 0.3042212640667041}",25,11,24.886124718755173,"{0: 14, 1: 0, 2: 0, 3: 0, 4: 0}",1
120,False,"{'a': 0.9, 'e': 0.30119421191220214}",20,12,13.47780418089042,"{0: 8, 1: 0, 2: 0, 3: 0, 4: 0}",1
121,False,"{'a': 0.9, 'e': 0.2981972794298874}",20,9,19.52518844654789,"{0: 11, 1: 0, 2: 0, 3: 0, 4: 0}",1
122,False,"{'a': 0.9, 'e': 0.2952301669240142}",30,22,17.597172521929576,"{0: 8, 1: 0, 2: 0, 3: 0, 4: 0}",1
123,False,"{'a': 0.9, 'e': 0.2922925776808594}",25,12,-19.933773254443985,"{0: 12, 1: 0, 2: 0, 3: 0, 4: 1}",1
124,False,"{'a': 0.9, 'e': 0.28938421793905067}",25,3,38.52103889398506,"{0: 22, 1: 0, 2: 0, 3: 0, 4: 0}",1
125,False,"{'a': 0.9, 'e': 0.2865047968601901}",20,10,18.91499767941159,"{0: 10, 1: 0, 2: 0, 3: 0, 4: 0}",1
126,False,"{'a': 0.9, 'e': 0.2836540264997704}",25,17,13.556165869781648,"{0: 8, 1: 0, 2: 0, 3: 0, 4: 0}",1
127,False,"{'a': 0.9, 'e': 0.2808316217783798}",20,12,17.23212029082712,"{0: 8, 1: 0, 2: 0, 3: 0, 4: 0}",1
128,False,"{'a': 0.9, 'e': 0.27803730045319414}",20,10,-5.526176595124007,"{0: 9, 1: 0, 2: 0, 3: 1, 4: 0}",1
129,False,"{'a': 0.9, 'e': 0.27527078308975234}",35,18,20.705388771625344,"{0: 16, 1: 1, 2: 0, 3: 0, 4: 0}",1
130,False,"{'a': 0.9, 'e': 0.2725317930340126}",35,19,23.16220032011551,"{0: 16, 1: 0, 2: 0, 3: 0, 4: 0}",1
131,False,"{'a': 0.9, 'e': 0.26982005638468687}",35,20,27.384984269022905,"{0: 15, 1: 0, 2: 0, 3: 0, 4: 0}",1
132,False,"{'a': 0.9, 'e': 0.2671353019658504}",25,10,24.542185914848407,"{0: 15, 1: 0, 2: 0, 3: 0, 4: 0}",1
133,False,"{'a': 0.9, 'e': 0.26447726129982396}",25,16,15.271288026079615,"{0: 9, 1: 0, 2: 0, 3: 0, 4: 0}",1
134,False,"{'a': 0.9, 'e': 0.261845668580326}",20,13,12.705137714539115,"{0: 7, 1: 0, 2: 0, 3: 0, 4: 0}",1
135,False,"{'a': 0.9, 'e': 0.2592402606458915}",25,11,25.881142801456637,"{0: 14, 1: 0, 2: 0, 3: 0, 4: 0}",1
136,False,"{'a': 0.9, 'e': 0.2566607769535559}",20,10,20.182279352623162,"{0: 10, 1: 0, 2: 0, 3: 0, 4: 0}",1
137,False,"{'a': 0.9, 'e': 0.25410695955280027}",25,20,8.766649074662794,"{0: 5, 1: 0, 2: 0, 3: 0, 4: 0}",1
138,False,"{'a': 0.9, 'e': 0.2515785530597565}",25,15,16.96735455401805,"{0: 10, 1: 0, 2: 0, 3: 0, 4: 0}",1
139,False,"{'a': 0.9, 'e': 0.2490753046316682}",20,12,17.874604780858004,"{0: 8, 1: 0, 2: 0, 3: 0, 4: 0}",1
140,False,"{'a': 0.9, 'e': 0.24659696394160646}",25,17,15.080527526430334,"{0: 8, 1: 0, 2: 0, 3: 0, 4: 0}",1
141,False,"{'a': 0.9, 'e': 0.2441432831534371}",30,22,15.564131853543634,"{0: 8, 1: 0, 2: 0, 3: 0, 4: 0}",1
142,False,"{'a': 0.9, 'e': 0.24171401689703648}",20,14,12.759806733634598,"{0: 6, 1: 0, 2: 0, 3: 0, 4: 0}",1
143,False,"{'a': 0.9, 'e': 0.23930892224375455}",20,14,11.262334586368576,"{0: 6, 1: 0, 2: 0, 3: 0, 4: 0}",1
144,False,"{'a': 0.9, 'e': 0.2369277586821218}",25,11,19.35458321635411,"{0: 14, 1: 0, 2: 0, 3: 0, 4: 0}",1
145,False,"{'a': 0.9, 'e': 0.23457028809379768}",25,11,25.277785286433325,"{0: 14, 1: 0, 2: 0, 3: 0, 4: 0}",1
146,False,"{'a': 0.9, 'e': 0.23223627472975886}",20,13,13.473940901145898,"{0: 7, 1: 0, 2: 0, 3: 0, 4: 0}",1
147,False,"{'a': 0.9, 'e': 0.22992548518672387}",30,5,39.12277009003545,"{0: 25, 1: 0, 2: 0, 3: 0, 4: 0}",1
148,False,"{'a': 0.9, 'e': 0.22763768838381276}",25,20,7.52314282154254,"{0: 5, 1: 0, 2: 0, 3: 0, 4: 0}",1
149,False,"{'a': 0.9, 'e': 0.22537265553943875}",25,11,27.075116910460686,"{0: 14, 1: 0, 2: 0, 3: 0, 4: 0}",1
150,False,"{'a': 0.9, 'e': 0.22313016014842985}",20,13,13.835041430865893,"{0: 7, 1: 0, 2: 0, 3: 0, 4: 0}",1
151,False,"{'a': 0.9, 'e': 0.22090997795937822}",25,17,14.736465649774132,"{0: 8, 1: 0, 2: 0, 3: 0, 4: 0}",1
152,False,"{'a': 0.9, 'e': 0.21871188695221477}",25,13,22.346504913006683,"{0: 12, 1: 0, 2: 0, 3: 0, 4: 0}",1
153,False,"{'a': 0.9, 'e': 0.21653566731600707}",20,10,20.257230986667153,"{0: 10, 1: 0, 2: 0, 3: 0, 4: 0}",1
154,False,"{'a': 0.9, 'e': 0.21438110142697797}",25,7,34.36374497872007,"{0: 18, 1: 0, 2: 0, 3: 0, 4: 0}",1
155,False,"{'a': 0.9, 'e': 0.21224797382674307}",20,16,7.04520916489233,"{0: 4, 1: 0, 2: 0, 3: 0, 4: 0}",1
156,False,"{'a': 0.9, 'e': 0.21013607120076475}",20,13,13.496051254472064,"{0: 7, 1: 0, 2: 0, 3: 0, 4: 0}",1
157,False,"{'a': 0.9, 'e': 0.20804518235702046}",20,5,27.010695413666063,"{0: 15, 1: 0, 2: 0, 3: 0, 4: 0}",1
158,False,"{'a': 0.9, 'e': 0.20597509820488347}",25,10,23.676012405579637,"{0: 15, 1: 0, 2: 0, 3: 0, 4: 0}",1
159,False,"{'a': 0.9, 'e': 0.20392561173421345}",25,16,16.91917229186165,"{0: 9, 1: 0, 2: 0, 3: 0, 4: 0}",1
160,False,"{'a': 0.9, 'e': 0.2018965179946554}",20,8,23.541732823949395,"{0: 12, 1: 0, 2: 0, 3: 0, 4: 0}",1
161,False,"{'a': 0.9, 'e': 0.1998876140751445}",25,2,37.88839005354548,"{0: 23, 1: 0, 2: 0, 3: 0, 4: 0}",1
162,False,"{'a': 0.9, 'e': 0.19789869908361468}",20,14,13.032212224679343,"{0: 6, 1: 0, 2: 0, 3: 0, 4: 0}",1
163,False,"{'a': 0.9, 'e': 0.19592957412690934}",30,14,28.881412334087663,"{0: 16, 1: 0, 2: 0, 3: 0, 4: 0}",1
164,False,"{'a': 0.9, 'e': 0.19398004229089189}",25,19,10.738944660845025,"{0: 6, 1: 0, 2: 0, 3: 0, 4: 0}",1
165,False,"{'a': 0.9, 'e': 0.1920499086207541}",25,11,24.04850844770595,"{0: 14, 1: 0, 2: 0, 3: 0, 4: 0}",1
166,False,"{'a': 0.9, 'e': 0.19013898010152053}",20,12,18.641597105476507,"{0: 8, 1: 0, 2: 0, 3: 0, 4: 0}",1
167,False,"{'a': 0.9, 'e': 0.1882470656387468}",20,8,25.9988754140402,"{0: 12, 1: 0, 2: 0, 3: 0, 4: 0}",1
168,False,"{'a': 0.9, 'e': 0.18637397603941}",30,23,12.635345397396302,"{0: 7, 1: 0, 2: 0, 3: 0, 4: 0}",1
169,False,"{'a': 0.9, 'e': 0.1845195239929893}",20,7,25.60874188701201,"{0: 13, 1: 0, 2: 0, 3: 0, 4: 0}",1
170,False,"{'a': 0.9, 'e': 0.18268352405273466}",25,11,25.539465457066164,"{0: 14, 1: 0, 2: 0, 3: 0, 4: 0}",1
171,False,"{'a': 0.9, 'e': 0.1808657926171221}",20,10,17.704044464372124,"{0: 10, 1: 0, 2: 0, 3: 0, 4: 0}",1
172,False,"{'a': 0.9, 'e': 0.17906614791149325}",20,9,19.668235296710506,"{0: 11, 1: 0, 2: 0, 3: 0, 4: 0}",1
173,False,"{'a': 0.9, 'e': 0.17728440996987782}",25,17,14.154241595772158,"{0: 8, 1: 0, 2: 0, 3: 0, 4: 0}",1
174,False,"{'a': 0.9, 'e': 0.1755204006169969}",20,12,15.982837764203056,"{0: 8, 1: 0, 2: 0, 3: 0, 4: 0}",1
175,False,"{'a': 0.9, 'e': 0.17377394345044514}",35,9,47.30016803779401,"{0: 26, 1: 0, 2: 0, 3: 0, 4: 0}",1
176,False,"{'a': 0.9, 'e': 0.17204486382305054}",20,2,25.34204604101644,"{0: 18, 1: 0, 2: 0, 3: 0, 4: 0}",1
177,False,"{'a': 0.9, 'e': 0.17033298882540945}",25,14,21.24960370670092,"{0: 11, 1: 0, 2: 0, 3: 0, 4: 0}",1
178,False,"{'a': 0.9, 'e': 0.16863814726859552}",20,0,36.37992489246732,"{0: 20, 1: 0, 2: 0, 3: 0, 4: 0}",0
179,False,"{'a': 0.9, 'e': 0.16696016966704072}",20,10,15.242519494815342,"{0: 10, 1: 0, 2: 0, 3: 0, 4: 0}",1
180,False,"{'a': 0.9, 'e': 0.16529888822158656}",20,14,12.335055046110224,"{0: 6, 1: 0, 2: 0, 3: 0, 4: 0}",1
181,False,"{'a': 0.9, 'e': 0.16365413680270408}",30,23,12.678445767109332,"{0: 7, 1: 0, 2: 0, 3: 0, 4: 0}",1
182,False,"{'a': 0.9, 'e': 0.16202575093388077}",20,16,6.672985545113846,"{0: 4, 1: 0, 2: 0, 3: 0, 4: 0}",1
183,False,"{'a': 0.9, 'e': 0.16041356777517277}",20,13,12.833974371994358,"{0: 7, 1: 0, 2: 0, 3: 0, 4: 0}",1
184,False,"{'a': 0.9, 'e': 0.1588174261069207}",30,17,24.56175582568474,"{0: 13, 1: 0, 2: 0, 3: 0, 4: 0}",1
185,False,"{'a': 0.9, 'e': 0.1572371663136276}",25,13,21.931366273783727,"{0: 12, 1: 0, 2: 0, 3: 0, 4: 0}",1
186,False,"{'a': 0.9, 'e': 0.1556726303679973}",25,10,23.376515685672903,"{0: 15, 1: 0, 2: 0, 3: 0, 4: 0}",1
187,False,"{'a': 0.9, 'e': 0.15412366181513143}",25,14,23.61754518907113,"{0: 11, 1: 0, 2: 0, 3: 0, 4: 0}",1
188,False,"{'a': 0.9, 'e': 0.15259010575688386}",20,9,21.96162899171683,"{0: 11, 1: 0, 2: 0, 3: 0, 4: 0}",1
189,False,"{'a': 0.9, 'e': 0.15107180883637084}",25,17,14.930839972320438,"{0: 8, 1: 0, 2: 0, 3: 0, 4: 0}",1
190,False,"{'a': 0.9, 'e': 0.14956861922263504}",20,0,29.440750181667365,"{0: 20, 1: 0, 2: 0, 3: 0, 4: 0}",0
191,False,"{'a': 0.9, 'e': 0.14808038659546244}",25,8,30.56017851712304,"{0: 17, 1: 0, 2: 0, 3: 0, 4: 0}",1
192,False,"{'a': 0.9, 'e': 0.14660696213035015}",25,16,13.723643178339548,"{0: 9, 1: 0, 2: 0, 3: 0, 4: 0}",1
193,False,"{'a': 0.9, 'e': 0.14514819848362376}",20,10,19.176441404289683,"{0: 10, 1: 0, 2: 0, 3: 0, 4: 0}",1
194,False,"{'a': 0.9, 'e': 0.14370394977770296}",20,8,24.234142933108775,"{0: 12, 1: 0, 2: 0, 3: 0, 4: 0}",1
195,False,"{'a': 0.9, 'e': 0.1422740715865136}",25,18,14.24389501622008,"{0: 7, 1: 0, 2: 0, 3: 0, 4: 0}",1
196,False,"{'a': 0.9, 'e': 0.140858420921045}",20,7,20.52497768848566,"{0: 13, 1: 0, 2: 0, 3: 0, 4: 0}",1
197,False,"{'a': 0.9, 'e': 0.13945685621505094}",20,13,11.115056221482625,"{0: 7, 1: 0, 2: 0, 3: 0, 4: 0}",1
198,False,"{'a': 0.9, 'e': 0.13806923731089282}",25,11,26.661073423746195,"{0: 14, 1: 0, 2: 0, 3: 0, 4: 0}",1
199,False,"{'a': 0.9, 'e': 0.13669542544552388}",25,13,21.79735424441219,"{0: 12, 1: 0, 2: 0, 3: 0, 4: 0}",1
200,False,"{'a': 0.9, 'e': 0.1353352832366127}",20,10,20.79775705088588,"{0: 10, 1: 0, 2: 0, 3: 0, 4: 0}",1
201,False,"{'a': 0.9, 'e': 0.13398867466880496}",30,8,40.33792879247681,"{0: 22, 1: 0, 2: 0, 3: 0, 4: 0}",1
202,False,"{'a': 0.9, 'e': 0.13265546508012174}",25,11,28.771213000800685,"{0: 14, 1: 0, 2: 0, 3: 0, 4: 0}",1
203,False,"{'a': 0.9, 'e': 0.13133552114849306}",25,8,25.091686719283842,"{0: 17, 1: 0, 2: 0, 3: 0, 4: 0}",1
204,False,"{'a': 0.9, 'e': 0.13002871087842593}",20,10,7.853755365821329,"{0: 9, 1: 0, 2: 1, 3: 0, 4: 0}",1
205,False,"{'a': 0.9, 'e': 0.12873490358780426}",20,12,11.332714430352402,"{0: 8, 1: 0, 2: 0, 3: 0, 4: 0}",1
206,False,"{'a': 0.9, 'e': 0.12745396989482075}",30,13,30.2827200009318,"{0: 17, 1: 0, 2: 0, 3: 0, 4: 0}",1
207,False,"{'a': 0.9, 'e': 0.12618578170503877}",30,13,33.29985045045143,"{0: 17, 1: 0, 2: 0, 3: 0, 4: 0}",1
208,False,"{'a': 0.9, 'e': 0.12493021219858243}",25,13,22.3767656543027,"{0: 12, 1: 0, 2: 0, 3: 0, 4: 0}",1
209,False,"{'a': 0.9, 'e': 0.12368713581745484}",20,13,-30.088553173354306,"{0: 6, 1: 0, 2: 0, 3: 0, 4: 1}",1
210,False,"{'a': 0.9, 'e': 0.12245642825298192}",25,15,18.326311571746736,"{0: 10, 1: 0, 2: 0, 3: 0, 4: 0}",1
211,False,"{'a': 0.9, 'e': 0.1212379664333817}",35,14,31.514406419650655,"{0: 21, 1: 0, 2: 0, 3: 0, 4: 0}",1
212,False,"{'a': 0.9, 'e': 0.12003162851145674}",25,11,23.99144522105931,"{0: 14, 1: 0, 2: 0, 3: 0, 4: 0}",1
213,False,"{'a': 0.9, 'e': 0.11883729385240967}",30,17,22.589911125660723,"{0: 13, 1: 0, 2: 0, 3: 0, 4: 0}",1
214,False,"{'a': 0.9, 'e': 0.1176548430217792}",20,13,9.143661263933064,"{0: 7, 1: 0, 2: 0, 3: 0, 4: 0}",1
215,False,"{'a': 0.9, 'e': 0.11648415777349698}",25,20,11.701654519909093,"{0: 5, 1: 0, 2: 0, 3: 0, 4: 0}",1
216,False,"{'a': 0.9, 'e': 0.11532512103806253}",20,16,8.837248848248308,"{0: 4, 1: 0, 2: 0, 3: 0, 4: 0}",1
217,False,"{'a': 0.9, 'e': 0.11417761691083651}",25,10,25.270314087665227,"{0: 15, 1: 0, 2: 0, 3: 0, 4: 0}",1
218,False,"{'a': 0.9, 'e': 0.11304153064044986}",20,14,13.37534652803675,"{0: 6, 1: 0, 2: 0, 3: 0, 4: 0}",1
219,False,"{'a': 0.9, 'e': 0.11191674861732889}",30,18,21.023590888590977,"{0: 12, 1: 0, 2: 0, 3: 0, 4: 0}",1
220,False,"{'a': 0.9, 'e': 0.11080315836233387}",30,12,31.34183664445217,"{0: 18, 1: 0, 2: 0, 3: 0, 4: 0}",1
221,False,"{'a': 0.9, 'e': 0.10970064851551142}",30,22,13.160559458647684,"{0: 8, 1: 0, 2: 0, 3: 0, 4: 0}",1
222,False,"{'a': 0.9, 'e': 0.10860910882495797}",20,14,11.772719131471508,"{0: 6, 1: 0, 2: 0, 3: 0, 4: 0}",1
223,False,"{'a': 0.9, 'e': 0.10752843013579497}",30,20,17.371888722371953,"{0: 10, 1: 0, 2: 0, 3: 0, 4: 0}",1
224,False,"{'a': 0.9, 'e': 0.10645850437925282}",25,15,17.34688517901757,"{0: 10, 1: 0, 2: 0, 3: 0, 4: 0}",1
225,False,"{'a': 0.9, 'e': 0.10539922456186435}",25,15,21.412822612040443,"{0: 10, 1: 0, 2: 0, 3: 0, 4: 0}",1
226,False,"{'a': 0.9, 'e': 0.10435048475476501}",20,10,17.08478582103968,"{0: 10, 1: 0, 2: 0, 3: 0, 4: 0}",1
227,False,"{'a': 0.9, 'e': 0.10331218008310021}",20,4,26.68969332693148,"{0: 16, 1: 0, 2: 0, 3: 0, 4: 0}",1
228,False,"{'a': 0.9, 'e': 0.10228420671553745}",30,11,30.87961405831526,"{0: 19, 1: 0, 2: 0, 3: 0, 4: 0}",1
229,False,"{'a': 0.9, 'e': 0.10126646185388341}",20,14,11.414232920513816,"{0: 6, 1: 0, 2: 0, 3: 0, 4: 0}",1
230,False,"{'a': 0.9, 'e': 0.10025884372280372}",25,10,24.8544075036507,"{0: 15, 1: 0, 2: 0, 3: 0, 4: 0}",1
231,False,"{'a': 0.9, 'e': 0.09926125155964566}",20,10,20.050873286069884,"{0: 10, 1: 0, 2: 0, 3: 0, 4: 0}",1
1,True,"{'a': 0, 'e': 0}",25,16,15.529913015552356,"{0: 9, 1: 0, 2: 0, 3: 0, 4: 0}",1
2,True,"{'a': 0, 'e': 0}",30,18,22.551595739015706,"{0: 12, 1: 0, 2: 0, 3: 0, 4: 0}",1
3,True,"{'a': 0, 'e': 0}",20,9,22.7588182543796,"{0: 11, 1: 0, 2: 0, 3: 0, 4: 0}",1
4,True,"{'a': 0, 'e': 0}",20,6,23.48845262536045,"{0: 14, 1: 0, 2: 0, 3: 0, 4: 0}",1
5,True,"{'a': 0, 'e': 0}",30,19,23.05163023924219,"{0: 11, 1: 0, 2: 0, 3: 0, 4: 0}",1
6,True,"{'a': 0, 'e': 0}",25,13,20.21665147865392,"{0: 12, 1: 0, 2: 0, 3: 0, 4: 0}",1
7,True,"{'a': 0, 'e': 0}",25,2,32.17050076563387,"{0: 23, 1: 0, 2: 0, 3: 0, 4: 0}",1
8,True,"{'a': 0, 'e': 0}",20,11,20.302857561755427,"{0: 9, 1: 0, 2: 0, 3: 0, 4: 0}",1
9,True,"{'a': 0, 'e': 0}",20,14,10.507577534457894,"{0: 6, 1: 0, 2: 0, 3: 0, 4: 0}",1
10,True,"{'a': 0, 'e': 0}",20,16,9.854018470161687,"{0: 4, 1: 0, 2: 0, 3: 0, 4: 0}",1
11,True,"{'a': 0, 'e': 0}",20,8,21.902245783032274,"{0: 12, 1: 0, 2: 0, 3: 0, 4: 0}",1
12,True,"{'a': 0, 'e': 0}",25,19,11.451669263440774,"{0: 6, 1: 0, 2: 0, 3: 0, 4: 0}",1
13,True,"{'a': 0, 'e': 0}",20,10,20.102123288125895,"{0: 10, 1: 0, 2: 0, 3: 0, 4: 0}",1
14,True,"{'a': 0, 'e': 0}",20,7,23.964839570461184,"{0: 13, 1: 0, 2: 0, 3: 0, 4: 0}",1
15,True,"{'a': 0, 'e': 0}",25,8,29.144004987734785,"{0: 17, 1: 0, 2: 0, 3: 0, 4: 0}",1
16,True,"{'a': 0, 'e': 0}",30,15,26.186881455828324,"{0: 15, 1: 0, 2: 0, 3: 0, 4: 0}",1
17,True,"{'a': 0, 'e': 0}",35,25,16.98789060598905,"{0: 10, 1: 0, 2: 0, 3: 0, 4: 0}",1
18,True,"{'a': 0, 'e': 0}",25,15,19.169704085679353,"{0: 10, 1: 0, 2: 0, 3: 0, 4: 0}",1
19,True,"{'a': 0, 'e': 0}",25,14,19.587773954375805,"{0: 11, 1: 0, 2: 0, 3: 0, 4: 0}",1
20,True,"{'a': 0, 'e': 0}",25,19,12.93364377061182,"{0: 6, 1: 0, 2: 0, 3: 0, 4: 0}",1
21,True,"{'a': 0, 'e': 0}",35,15,35.1162133475566,"{0: 20, 1: 0, 2: 0, 3: 0, 4: 0}",1
22,True,"{'a': 0, 'e': 0}",20,8,19.098831392777825,"{0: 12, 1: 0, 2: 0, 3: 0, 4: 0}",1
23,True,"{'a': 0, 'e': 0}",25,2,31.672916325984477,"{0: 23, 1: 0, 2: 0, 3: 0, 4: 0}",1
24,True,"{'a': 0, 'e': 0}",20,14,12.331841248016406,"{0: 6, 1: 0, 2: 0, 3: 0, 4: 0}",1
25,True,"{'a': 0, 'e': 0}",20,12,13.70350683787905,"{0: 8, 1: 0, 2: 0, 3: 0, 4: 0}",1
26,True,"{'a': 0, 'e': 0}",25,11,25.19398207263283,"{0: 14, 1: 0, 2: 0, 3: 0, 4: 0}",1
27,True,"{'a': 0, 'e': 0}",20,15,8.852998066235726,"{0: 5, 1: 0, 2: 0, 3: 0, 4: 0}",1
28,True,"{'a': 0, 'e': 0}",30,23,9.811170923311737,"{0: 7, 1: 0, 2: 0, 3: 0, 4: 0}",1
29,True,"{'a': 0, 'e': 0}",25,13,23.14919328969805,"{0: 12, 1: 0, 2: 0, 3: 0, 4: 0}",1
30,True,"{'a': 0, 'e': 0}",30,12,29.031368520832846,"{0: 18, 1: 0, 2: 0, 3: 0, 4: 0}",1
31,True,"{'a': 0, 'e': 0}",20,12,14.210433133298169,"{0: 8, 1: 0, 2: 0, 3: 0, 4: 0}",1
32,True,"{'a': 0, 'e': 0}",25,11,28.924033515328407,"{0: 14, 1: 0, 2: 0, 3: 0, 4: 0}",1
33,True,"{'a': 0, 'e': 0}",30,18,22.215385351672964,"{0: 12, 1: 0, 2: 0, 3: 0, 4: 0}",1
34,True,"{'a': 0, 'e': 0}",20,11,18.56865991620932,"{0: 9, 1: 0, 2: 0, 3: 0, 4: 0}",1
35,True,"{'a': 0, 'e': 0}",20,10,20.418604421200403,"{0: 10, 1: 0, 2: 0, 3: 0, 4: 0}",1
36,True,"{'a': 0, 'e': 0}",25,14,18.94945039955873,"{0: 11, 1: 0, 2: 0, 3: 0, 4: 0}",1
37,True,"{'a': 0, 'e': 0}",25,14,20.263901096971487,"{0: 11, 1: 0, 2: 0, 3: 0, 4: 0}",1
38,True,"{'a': 0, 'e': 0}",30,8,34.70572059151781,"{0: 22, 1: 0, 2: 0, 3: 0, 4: 0}",1
39,True,"{'a': 0, 'e': 0}",30,17,21.137421426898527,"{0: 13, 1: 0, 2: 0, 3: 0, 4: 0}",1
40,True,"{'a': 0, 'e': 0}",20,12,14.902556147622494,"{0: 8, 1: 0, 2: 0, 3: 0, 4: 0}",1
41,True,"{'a': 0, 'e': 0}",25,15,18.300016819748063,"{0: 10, 1: 0, 2: 0, 3: 0, 4: 0}",1
42,True,"{'a': 0, 'e': 0}",30,12,31.530453997409484,"{0: 18, 1: 0, 2: 0, 3: 0, 4: 0}",1
43,True,"{'a': 0, 'e': 0}",30,22,15.298810368386397,"{0: 8, 1: 0, 2: 0, 3: 0, 4: 0}",1
44,True,"{'a': 0, 'e': 0}",20,13,13.805028771397795,"{0: 7, 1: 0, 2: 0, 3: 0, 4: 0}",1
45,True,"{'a': 0, 'e': 0}",20,7,25.252488640538612,"{0: 13, 1: 0, 2: 0, 3: 0, 4: 0}",1
46,True,"{'a': 0, 'e': 0}",20,14,12.33966643669776,"{0: 6, 1: 0, 2: 0, 3: 0, 4: 0}",1
47,True,"{'a': 0, 'e': 0}",30,19,24.969877031852874,"{0: 11, 1: 0, 2: 0, 3: 0, 4: 0}",1
48,True,"{'a': 0, 'e': 0}",30,16,27.478786774803883,"{0: 14, 1: 0, 2: 0, 3: 0, 4: 0}",1
49,True,"{'a': 0, 'e': 0}",25,11,26.421926563192542,"{0: 14, 1: 0, 2: 0, 3: 0, 4: 0}",1
50,True,"{'a': 0, 'e': 0}",30,14,27.016221493710162,"{0: 16, 1: 0, 2: 0, 3: 0, 4: 0}",1
